age,gender,has_offer,order_type,total_price,payment_method,payment_card_gateway
91,male,False,drive_thru,795.0,cash, 
67,male,False,in_store,520.0,cash, 
77,female,True,in_store,856.0,cash, 
93,female,False,delivery,520.0,card,adyen
75,female,False,in_store,550.0,cash, 
96,female,False,in_store,565.0,cash, 
83,female,False,in_store,730.0,cash, 
84,female,False,drive_thru,740.0,card,adyen
72,female,False,delivery,970.0,cash, 
98,male,False,in_store,905.0,cash, 
77,male,False,delivery,935.0,card,adyen
99,female,True,drive_thru,831.0,cash, 
87,male,False,in_store,835.0,cash, 
74,female,True,in_store,876.0,cash, 
73,male,False,drive_thru,930.0,cash, 
74,male,False,drive_thru,1265.0,cash, 
83,male,False,delivery,595.0,card,adyen
71,male,False,in_store,1305.0,cash, 
100,male,False,delivery,1160.0,cash, 
99,female,False,in_store,455.0,card,adyen
85,female,False,in_store,1240.0,cash, 
97,male,False,drive_thru,1055.0,card,adyen
83,female,True,delivery,853.0,cash, 
100,male,False,in_store,450.0,card,adyen
95,female,True,in_store,836.0,cash, 
69,female,True,drive_thru,858.0,cash, 
87,female,False,delivery,1230.0,cash, 
86,female,False,delivery,655.0,cash, 
100,female,True,delivery,761.0,cash, 
91,male,False,delivery,1160.0,cash, 
94,female,True,in_store,808.0,card,adyen
69,male,False,in_store,1225.0,card,adyen
98,female,False,in_store,1235.0,cash, 
65,female,True,in_store,868.0,cash, 
90,male,False,delivery,1010.0,cash, 
91,female,False,in_store,1285.0,cash, 
89,male,False,delivery,495.0,cash, 
78,male,False,in_store,480.0,cash, 
85,male,False,delivery,1140.0,cash, 
76,female,False,in_store,800.0,card,adyen
85,female,False,drive_thru,355.0,cash, 
81,male,False,in_store,1215.0,card,adyen
67,female,False,in_store,1420.0,cash, 
78,female,False,in_store,1085.0,cash, 
77,female,False,drive_thru,520.0,cash, 
78,female,False,delivery,840.0,card,adyen
87,female,False,in_store,760.0,cash, 
88,female,False,in_store,605.0,cash, 
68,male,True,delivery,851.0,card,adyen
81,male,True,in_store,911.0,card,adyen
79,male,False,in_store,370.0,cash, 
91,female,False,delivery,1210.0,cash, 
73,female,False,delivery,1025.0,card,adyen
88,female,True,in_store,1366.0,cash, 
73,female,False,drive_thru,695.0,card,adyen
90,male,False,in_store,480.0,cash, 
80,female,False,in_store,1475.0,cash, 
69,male,False,drive_thru,900.0,cash, 
76,female,False,drive_thru,750.0,cash, 
94,female,False,delivery,1080.0,cash, 
93,female,False,delivery,960.0,card,adyen
76,male,True,drive_thru,891.0,cash, 
72,female,False,in_store,950.0,cash, 
98,female,False,in_store,860.0,card,adyen
97,female,False,in_store,965.0,cash, 
66,female,False,drive_thru,1270.0,card,adyen
88,male,True,in_store,656.0,cash, 
68,female,False,in_store,1240.0,card,adyen
86,male,True,delivery,988.0,cash, 
72,male,False,delivery,850.0,cash, 
84,female,False,delivery,630.0,cash, 
96,male,True,drive_thru,776.0,cash, 
82,female,False,delivery,805.0,cash, 
92,female,False,in_store,530.0,card,adyen
67,male,False,in_store,880.0,cash, 
88,male,True,in_store,1003.0,cash, 
95,male,False,delivery,800.0,cash, 
93,male,False,in_store,865.0,cash, 
71,male,False,in_store,1165.0,cash, 
82,male,False,delivery,730.0,cash, 
97,female,False,delivery,630.0,cash, 
99,male,False,in_store,1180.0,card,adyen
80,female,False,drive_thru,520.0,cash, 
70,female,True,in_store,1116.0,card,adyen
87,female,True,delivery,616.0,cash, 
96,male,True,in_store,701.0,cash, 
91,male,False,in_store,645.0,card,adyen
89,male,False,in_store,880.0,cash, 
74,female,False,in_store,325.0,cash, 
76,female,False,drive_thru,965.0,cash, 
95,male,False,in_store,845.0,cash, 
76,female,False,in_store,595.0,cash, 
75,male,False,delivery,670.0,card,adyen
84,male,False,in_store,870.0,cash, 
89,male,False,drive_thru,620.0,card,adyen
65,male,False,delivery,855.0,card,adyen
75,female,False,drive_thru,1155.0,cash, 
97,male,False,in_store,1040.0,cash, 
86,female,False,drive_thru,1140.0,cash, 
74,male,False,delivery,1290.0,cash, 
93,male,False,in_store,1055.0,cash, 
77,female,False,delivery,485.0,cash, 
87,female,False,in_store,1180.0,cash, 
81,male,False,delivery,1075.0,card,adyen
66,male,False,in_store,995.0,card,adyen
91,female,False,drive_thru,990.0,card,adyen
74,male,True,delivery,1061.0,card,adyen
85,male,True,in_store,856.0,cash, 
79,female,False,in_store,880.0,cash, 
90,male,True,in_store,1208.0,card,adyen
95,male,False,in_store,1205.0,card,adyen
87,male,True,drive_thru,446.0,cash, 
98,female,True,in_store,1186.0,cash, 
72,male,False,delivery,480.0,cash, 
79,female,False,delivery,895.0,cash, 
99,male,False,in_store,1090.0,card,adyen
96,female,False,in_store,1085.0,cash, 
93,female,False,delivery,625.0,cash, 
97,male,False,delivery,950.0,cash, 
99,female,False,in_store,1085.0,cash, 
72,female,False,delivery,575.0,cash, 
73,female,False,in_store,835.0,cash, 
65,female,True,delivery,1526.0,cash, 
75,male,False,delivery,505.0,cash, 
75,female,False,in_store,1065.0,card,adyen
75,female,False,in_store,645.0,card,adyen
91,male,False,drive_thru,1040.0,cash, 
80,female,True,drive_thru,1151.0,cash, 
82,female,False,in_store,1110.0,cash, 
81,female,True,in_store,673.0,cash, 
74,male,False,drive_thru,390.0,cash, 
97,female,True,in_store,676.0,card,adyen
97,male,True,in_store,138.0,cash, 
66,female,True,delivery,1231.0,cash, 
77,male,False,in_store,1060.0,cash, 
65,female,False,in_store,955.0,cash, 
93,male,False,in_store,695.0,cash, 
73,male,False,delivery,960.0,card,adyen
66,female,False,drive_thru,960.0,card,adyen
73,male,False,in_store,1305.0,cash, 
85,female,False,delivery,1165.0,card,adyen
79,female,False,in_store,900.0,cash, 
77,male,False,delivery,900.0,cash, 
87,female,False,drive_thru,1225.0,cash, 
84,male,False,in_store,1110.0,cash, 
68,female,False,drive_thru,950.0,cash, 
76,female,False,in_store,780.0,cash, 
76,female,False,delivery,770.0,cash, 
68,female,False,delivery,1065.0,card,adyen
82,female,False,drive_thru,730.0,card,adyen
95,female,False,in_store,1325.0,card,adyen
70,male,False,in_store,555.0,cash, 
98,female,False,in_store,1190.0,card,adyen
85,female,False,delivery,245.0,cash, 
86,male,True,delivery,858.0,card,adyen
68,male,True,in_store,798.0,cash, 
70,male,False,delivery,1155.0,cash, 
93,male,True,in_store,911.0,card,adyen
79,male,False,in_store,1135.0,card,adyen
71,male,True,drive_thru,526.0,cash, 
90,female,False,in_store,635.0,cash, 
77,female,False,delivery,540.0,cash, 
78,male,True,in_store,986.0,cash, 
82,male,False,delivery,905.0,cash, 
84,male,False,in_store,835.0,cash, 
71,female,False,delivery,805.0,cash, 
80,female,False,delivery,365.0,cash, 
97,male,False,in_store,1635.0,cash, 
89,male,False,in_store,355.0,card,adyen
99,male,False,drive_thru,1265.0,cash, 
89,male,False,in_store,1070.0,card,adyen
81,male,False,in_store,970.0,cash, 
96,male,False,drive_thru,600.0,cash, 
67,female,False,in_store,1110.0,cash, 
67,male,False,delivery,1110.0,card,adyen
90,male,False,in_store,1065.0,cash, 
92,male,False,in_store,1360.0,cash, 
81,female,True,delivery,1391.0,cash, 
91,male,True,drive_thru,1068.0,cash, 
100,male,False,drive_thru,675.0,card,adyen
83,male,True,in_store,988.0,cash, 
83,female,False,in_store,640.0,cash, 
79,male,False,delivery,365.0,card,adyen
82,male,True,in_store,671.0,cash, 
75,male,True,delivery,606.0,cash, 
70,female,False,in_store,640.0,cash, 
92,male,True,in_store,536.0,card,adyen
97,male,False,delivery,1250.0,cash, 
81,male,False,drive_thru,295.0,cash, 
89,male,False,in_store,930.0,cash, 
96,male,False,drive_thru,895.0,cash, 
79,male,False,in_store,945.0,cash, 
76,male,False,delivery,675.0,cash, 
70,male,False,delivery,1080.0,card,adyen
86,female,False,in_store,165.0,cash, 
98,male,False,in_store,965.0,card,adyen
80,female,False,drive_thru,935.0,card,adyen
67,female,False,in_store,1005.0,card,adyen
70,male,False,delivery,1485.0,cash, 
80,female,False,delivery,700.0,cash, 
95,female,True,delivery,348.0,card,adyen
77,female,True,in_store,518.0,cash, 
67,male,False,in_store,1405.0,cash, 
80,female,False,in_store,860.0,card,adyen
92,male,True,in_store,951.0,card,adyen
73,female,False,delivery,795.0,cash, 
78,male,False,delivery,755.0,cash, 
70,female,False,in_store,675.0,cash, 
83,female,False,delivery,555.0,cash, 
87,female,False,delivery,885.0,cash, 
87,female,False,in_store,1100.0,cash, 
87,male,False,in_store,715.0,card,adyen
78,male,False,in_store,1015.0,card,adyen
97,male,True,drive_thru,1063.0,cash, 
81,female,False,drive_thru,505.0,cash, 
88,male,True,in_store,461.0,cash, 
94,male,False,in_store,1285.0,cash, 
72,female,False,drive_thru,1225.0,cash, 
65,female,False,in_store,955.0,cash, 
87,female,False,in_store,645.0,cash, 
99,male,False,in_store,1215.0,cash, 
84,female,False,delivery,750.0,card,adyen
90,female,False,drive_thru,1035.0,card,adyen
69,male,False,delivery,1090.0,card,adyen
75,female,False,in_store,295.0,cash, 
100,female,False,in_store,1265.0,cash, 
90,female,False,delivery,945.0,cash, 
95,female,False,in_store,750.0,cash, 
88,male,False,drive_thru,1250.0,cash, 
93,female,True,drive_thru,768.0,cash, 
80,female,False,drive_thru,940.0,cash, 
78,male,False,in_store,1485.0,cash, 
92,male,False,delivery,1035.0,cash, 
95,female,False,delivery,710.0,card,adyen
74,female,True,in_store,948.0,cash, 
75,male,True,delivery,561.0,cash, 
74,male,False,in_store,670.0,cash, 
100,male,False,in_store,1195.0,card,adyen
89,male,False,drive_thru,780.0,card,adyen
78,male,True,in_store,318.0,cash, 
94,female,False,in_store,1075.0,card,adyen
85,male,True,delivery,1121.0,cash, 
69,male,True,in_store,1256.0,card,adyen
84,female,False,delivery,650.0,cash, 
94,female,False,delivery,1285.0,cash, 
88,female,False,in_store,1020.0,cash, 
98,female,False,in_store,960.0,card,adyen
66,male,False,delivery,575.0,cash, 
70,female,False,delivery,1290.0,cash, 
65,male,True,delivery,643.0,card,adyen
79,female,False,in_store,815.0,cash, 
97,male,True,in_store,868.0,cash, 
86,male,False,delivery,730.0,cash, 
87,male,False,delivery,760.0,cash, 
81,male,False,in_store,765.0,cash, 
91,female,False,in_store,1230.0,card,adyen
87,male,False,in_store,1090.0,card,adyen
69,female,True,in_store,1071.0,card,adyen
70,male,False,in_store,495.0,cash, 
71,male,False,drive_thru,455.0,cash, 
77,female,False,drive_thru,955.0,cash, 
83,male,False,in_store,560.0,cash, 
67,male,False,in_store,965.0,cash, 
83,male,False,in_store,1375.0,cash, 
99,male,False,delivery,1255.0,card,adyen
83,male,False,drive_thru,1085.0,card,adyen
78,male,False,in_store,350.0,cash, 
88,male,True,in_store,1291.0,cash, 
86,female,False,delivery,730.0,card,adyen
89,male,False,in_store,600.0,cash, 
77,female,True,drive_thru,733.0,cash, 
99,female,False,delivery,1370.0,cash, 
76,male,False,in_store,1550.0,cash, 
74,female,False,drive_thru,640.0,cash, 
94,female,False,drive_thru,730.0,cash, 
83,female,False,delivery,960.0,cash, 
69,male,False,in_store,1500.0,cash, 
79,male,False,delivery,1345.0,card,adyen
70,male,False,in_store,355.0,card,adyen
100,male,False,in_store,1040.0,cash, 
74,male,False,drive_thru,600.0,card,adyen
66,male,False,in_store,495.0,card,adyen
67,female,False,delivery,850.0,cash, 
84,male,False,delivery,940.0,cash, 
82,male,True,drive_thru,743.0,cash, 
97,male,True,delivery,1011.0,cash, 
95,female,False,in_store,865.0,cash, 
76,female,False,in_store,730.0,card,adyen
83,female,True,in_store,1103.0,cash, 
77,male,True,delivery,788.0,cash, 
70,female,True,in_store,491.0,cash, 
99,female,False,delivery,865.0,cash, 
70,male,True,in_store,1011.0,card,adyen
92,male,False,delivery,700.0,cash, 
77,male,False,in_store,350.0,cash, 
79,female,False,delivery,835.0,cash, 
69,male,False,in_store,1210.0,cash, 
73,male,True,delivery,1126.0,card,adyen
98,male,False,in_store,910.0,card,adyen
83,female,False,in_store,865.0,card,adyen
74,female,False,delivery,895.0,cash, 
86,male,False,drive_thru,355.0,cash, 
69,female,False,in_store,950.0,cash, 
80,female,False,drive_thru,690.0,cash, 
90,male,True,in_store,1196.0,cash, 
99,female,False,in_store,955.0,cash, 
70,male,True,in_store,456.0,card,adyen
76,male,False,in_store,1275.0,cash, 
92,male,False,in_store,1010.0,cash, 
98,male,False,delivery,905.0,card,adyen
89,male,False,drive_thru,600.0,card,adyen
88,female,False,delivery,1115.0,card,adyen
68,male,False,in_store,730.0,cash, 
69,male,False,in_store,1150.0,cash, 
74,female,False,in_store,1155.0,cash, 
66,female,False,delivery,1015.0,cash, 
86,male,False,drive_thru,835.0,cash, 
85,female,False,drive_thru,1340.0,cash, 
66,female,False,in_store,440.0,cash, 
77,male,False,delivery,565.0,cash, 
98,female,False,delivery,1155.0,card,adyen
82,female,False,in_store,1130.0,card,adyen
79,male,False,in_store,1130.0,card,adyen
80,male,False,delivery,1225.0,cash, 
79,male,False,drive_thru,1050.0,card,adyen
88,female,False,in_store,1075.0,cash, 
67,male,True,drive_thru,1056.0,cash, 
70,male,True,in_store,511.0,cash, 
86,male,False,delivery,965.0,cash, 
92,male,False,in_store,1085.0,cash, 
76,female,False,in_store,440.0,card,adyen
96,female,True,delivery,473.0,cash, 
93,female,True,drive_thru,946.0,cash, 
75,male,False,delivery,355.0,cash, 
87,female,False,delivery,1265.0,cash, 
72,male,False,in_store,770.0,cash, 
75,male,True,in_store,136.0,cash, 
88,female,True,in_store,953.0,card,adyen
71,male,False,delivery,565.0,cash, 
68,male,True,delivery,831.0,cash, 
90,male,True,in_store,963.0,cash, 
74,male,False,in_store,1065.0,cash, 
96,male,False,in_store,935.0,card,adyen
65,male,False,in_store,555.0,card,adyen
96,male,True,delivery,891.0,card,adyen
77,male,False,delivery,1085.0,cash, 
74,female,False,drive_thru,1035.0,cash, 
75,female,False,in_store,1180.0,cash, 
69,male,False,drive_thru,325.0,cash, 
99,female,False,in_store,1075.0,cash, 
94,female,False,in_store,945.0,cash, 
68,male,False,in_store,925.0,cash, 
66,female,False,delivery,1075.0,card,adyen
92,female,False,in_store,1370.0,cash, 
66,male,False,drive_thru,945.0,card,adyen
69,female,False,delivery,1020.0,card,adyen
92,female,False,in_store,1170.0,cash, 
67,male,True,in_store,1131.0,cash, 
72,female,False,delivery,1015.0,cash, 
99,female,False,in_store,870.0,cash, 
75,female,False,drive_thru,1165.0,cash, 
100,male,False,drive_thru,965.0,cash, 
92,male,True,in_store,996.0,card,adyen
73,female,False,delivery,1170.0,cash, 
99,male,False,in_store,1250.0,cash, 
82,female,False,in_store,1325.0,card,adyen
70,male,False,in_store,975.0,card,adyen
90,female,False,delivery,755.0,card,adyen
89,male,False,delivery,1240.0,cash, 
97,male,False,in_store,945.0,cash, 
88,female,False,drive_thru,970.0,card,adyen
79,female,False,delivery,1065.0,cash, 
87,male,False,in_store,600.0,card,adyen
94,female,False,in_store,485.0,cash, 
86,female,True,drive_thru,416.0,cash, 
91,female,False,delivery,480.0,cash, 
77,male,False,delivery,780.0,cash, 
85,female,False,in_store,1415.0,cash, 
94,male,True,in_store,1196.0,cash, 
69,female,False,delivery,600.0,cash, 
89,male,True,delivery,1191.0,cash, 
86,female,True,in_store,891.0,cash, 
66,male,False,in_store,750.0,cash, 
100,female,True,drive_thru,373.0,cash, 
83,male,True,in_store,613.0,card,adyen
98,female,True,delivery,1021.0,cash, 
70,female,True,in_store,1091.0,cash, 
92,female,False,in_store,1485.0,card,adyen
96,female,False,in_store,850.0,card,adyen
79,female,False,delivery,970.0,cash, 
85,male,False,drive_thru,1300.0,cash, 
81,male,False,in_store,1400.0,cash, 
92,male,False,drive_thru,795.0,cash, 
95,male,False,in_store,1050.0,cash, 
99,female,False,in_store,270.0,cash, 
69,female,True,delivery,1211.0,card,adyen
91,female,False,delivery,575.0,card,adyen
92,male,False,in_store,600.0,cash, 
83,female,False,drive_thru,1205.0,card,adyen
78,male,False,delivery,1290.0,card,adyen
81,male,False,in_store,800.0,cash, 
93,male,False,in_store,1330.0,cash, 
71,female,False,delivery,1165.0,cash, 
95,female,False,drive_thru,1560.0,cash, 
76,female,False,in_store,520.0,cash, 
70,male,False,drive_thru,355.0,cash, 
81,female,True,in_store,1541.0,cash, 
75,female,False,in_store,1180.0,card,adyen
78,male,False,delivery,760.0,cash, 
91,male,False,in_store,1090.0,cash, 
96,male,False,in_store,885.0,card,adyen
67,female,False,delivery,920.0,cash, 
98,female,False,delivery,940.0,card,adyen
83,female,False,in_store,805.0,cash, 
69,female,False,drive_thru,1095.0,card,adyen
95,female,False,delivery,835.0,cash, 
82,male,True,in_store,1106.0,card,adyen
65,male,False,in_store,1335.0,cash, 
97,female,False,in_store,1075.0,card,adyen
71,female,False,delivery,1160.0,cash, 
99,female,False,delivery,1015.0,cash, 
82,male,False,in_store,955.0,cash, 
79,male,False,delivery,250.0,cash, 
81,female,True,drive_thru,671.0,cash, 
83,female,True,in_store,833.0,cash, 
67,female,False,in_store,695.0,cash, 
67,female,True,delivery,1046.0,cash, 
68,female,True,in_store,1041.0,cash, 
82,male,True,drive_thru,916.0,cash, 
93,female,False,in_store,1090.0,card,adyen
93,female,True,delivery,976.0,cash, 
91,female,True,in_store,836.0,card,adyen
74,female,False,in_store,1055.0,card,adyen
97,female,True,in_store,1526.0,cash, 
74,male,False,drive_thru,905.0,cash, 
68,female,False,delivery,1610.0,cash, 
73,male,False,in_store,770.0,cash, 
67,female,False,drive_thru,670.0,cash, 
93,female,False,in_store,770.0,cash, 
83,female,False,in_store,1030.0,cash, 
97,male,False,in_store,880.0,cash, 
86,female,False,in_store,775.0,cash, 
76,male,False,drive_thru,925.0,card,adyen
79,male,False,delivery,520.0,card,adyen
72,female,False,delivery,520.0,card,adyen
81,male,False,delivery,860.0,cash, 
68,male,False,in_store,245.0,cash, 
98,male,False,in_store,1155.0,cash, 
66,female,False,drive_thru,850.0,cash, 
87,male,False,drive_thru,600.0,cash, 
100,female,False,in_store,675.0,card,adyen
71,female,True,delivery,1298.0,card,adyen
94,female,False,delivery,895.0,cash, 
96,female,False,in_store,995.0,card,adyen
77,male,False,delivery,835.0,card,adyen
94,male,False,in_store,1030.0,cash, 
90,male,False,delivery,1110.0,cash, 
81,female,False,in_store,1205.0,cash, 
92,male,False,in_store,720.0,cash, 
97,female,False,delivery,1245.0,cash, 
83,female,False,drive_thru,1015.0,card,adyen
68,male,False,in_store,1270.0,cash, 
84,male,True,in_store,506.0,cash, 
67,female,False,delivery,1155.0,cash, 
80,female,False,in_store,840.0,card,adyen
88,female,False,delivery,1555.0,cash, 
88,male,True,in_store,1203.0,card,adyen
79,female,True,drive_thru,1511.0,cash, 
94,male,True,in_store,1156.0,cash, 
71,male,True,in_store,1506.0,cash, 
74,male,False,in_store,165.0,card,adyen
85,male,False,drive_thru,625.0,cash, 
86,female,True,drive_thru,811.0,cash, 
82,male,False,in_store,890.0,cash, 
73,female,False,in_store,990.0,cash, 
88,male,False,drive_thru,760.0,cash, 
72,male,False,delivery,1245.0,cash, 
97,male,False,in_store,1325.0,cash, 
93,female,False,in_store,730.0,cash, 
77,female,False,in_store,1335.0,cash, 
89,female,False,drive_thru,995.0,card,adyen
99,female,False,delivery,905.0,card,adyen
98,female,True,in_store,1151.0,card,adyen
98,female,False,delivery,1220.0,cash, 
91,male,True,delivery,863.0,cash, 
85,female,True,in_store,756.0,cash, 
71,male,False,in_store,1075.0,cash, 
88,female,False,drive_thru,1230.0,cash, 
69,female,False,in_store,1505.0,card,adyen
93,female,False,in_store,670.0,card,adyen
82,male,False,in_store,1155.0,cash, 
87,male,False,delivery,1300.0,cash, 
84,male,False,delivery,1635.0,card,adyen
96,male,False,delivery,565.0,cash, 
98,female,False,in_store,1155.0,cash, 
92,female,False,delivery,1225.0,cash, 
74,female,False,delivery,400.0,cash, 
99,male,False,in_store,835.0,cash, 
89,male,False,drive_thru,930.0,card,adyen
72,female,True,delivery,1348.0,card,adyen
86,male,False,in_store,660.0,cash, 
65,female,False,delivery,1145.0,cash, 
96,female,False,in_store,660.0,card,adyen
67,female,True,in_store,1123.0,cash, 
69,male,True,in_store,316.0,card,adyen
68,male,False,drive_thru,775.0,cash, 
67,female,False,in_store,870.0,cash, 
69,male,False,in_store,560.0,cash, 
95,male,False,drive_thru,1170.0,cash, 
78,male,False,in_store,1155.0,cash, 
75,female,False,in_store,930.0,cash, 
81,male,False,delivery,1360.0,cash, 
77,female,False,in_store,895.0,cash, 
79,male,True,in_store,1001.0,cash, 
85,female,False,drive_thru,1225.0,card,adyen
70,male,True,drive_thru,588.0,cash, 
68,female,False,delivery,270.0,cash, 
95,female,True,drive_thru,953.0,cash, 
89,male,False,in_store,970.0,cash, 
95,female,False,delivery,1225.0,card,adyen
84,female,True,in_store,713.0,card,adyen
97,male,True,delivery,646.0,cash, 
94,male,True,in_store,993.0,cash, 
67,female,False,delivery,965.0,cash, 
74,male,False,in_store,1270.0,cash, 
75,female,False,delivery,575.0,cash, 
67,male,False,in_store,1220.0,cash, 
93,male,False,delivery,1215.0,cash, 
82,female,False,drive_thru,1465.0,card,adyen
97,female,False,delivery,635.0,cash, 
88,male,False,in_store,1265.0,cash, 
95,male,False,in_store,245.0,card,adyen
97,female,False,in_store,825.0,cash, 
98,female,True,delivery,788.0,card,adyen
72,male,False,in_store,1010.0,cash, 
98,female,False,in_store,1005.0,cash, 
86,male,True,in_store,1153.0,card,adyen
93,female,False,in_store,940.0,cash, 
86,male,False,delivery,815.0,cash, 
84,male,False,in_store,1090.0,cash, 
86,female,False,drive_thru,630.0,cash, 
83,female,False,in_store,550.0,cash, 
94,female,False,drive_thru,1015.0,card,adyen
90,male,False,in_store,1170.0,cash, 
86,female,False,delivery,1290.0,card,adyen
70,female,False,delivery,1240.0,cash, 
97,male,False,in_store,1180.0,cash, 
72,female,True,in_store,218.0,cash, 
87,male,False,in_store,950.0,cash, 
91,male,True,drive_thru,586.0,cash, 
89,female,False,delivery,1405.0,cash, 
90,male,False,delivery,930.0,cash, 
73,male,True,in_store,236.0,card,adyen
100,male,False,drive_thru,875.0,card,adyen
74,female,True,in_store,808.0,cash, 
85,female,False,in_store,440.0,cash, 
72,male,True,delivery,1133.0,cash, 
80,female,False,in_store,1045.0,card,adyen
71,female,False,delivery,845.0,cash, 
98,male,False,in_store,760.0,cash, 
80,male,True,delivery,938.0,card,adyen
78,female,False,in_store,1000.0,cash, 
77,male,False,in_store,930.0,cash, 
96,female,True,in_store,873.0,card,adyen
91,male,False,in_store,610.0,cash, 
81,male,False,drive_thru,1485.0,cash, 
85,male,False,drive_thru,630.0,card,adyen
85,female,False,in_store,1035.0,cash, 
65,male,False,in_store,330.0,cash, 
99,male,False,in_store,905.0,cash, 
80,female,False,delivery,980.0,cash, 
76,female,False,delivery,1430.0,cash, 
89,male,False,drive_thru,1545.0,card,adyen
90,female,False,in_store,890.0,cash, 
74,female,False,delivery,615.0,cash, 
88,female,False,in_store,1305.0,card,adyen
79,female,True,in_store,546.0,cash, 
87,female,True,drive_thru,813.0,cash, 
87,male,True,in_store,1141.0,card,adyen
72,female,True,in_store,1186.0,cash, 
95,female,False,in_store,520.0,cash, 
98,male,True,delivery,591.0,card,adyen
90,female,False,in_store,1010.0,cash, 
95,female,False,drive_thru,1475.0,cash, 
79,male,False,in_store,1015.0,cash, 
93,female,False,in_store,850.0,cash, 
93,male,False,delivery,1075.0,cash, 
85,male,False,drive_thru,1015.0,card,adyen
68,female,False,delivery,1240.0,cash, 
84,female,False,delivery,695.0,cash, 
82,male,False,in_store,1265.0,cash, 
97,male,True,in_store,841.0,card,adyen
95,male,False,in_store,900.0,card,adyen
100,male,False,in_store,1025.0,cash, 
70,male,False,in_store,670.0,cash, 
96,female,False,in_store,950.0,cash, 
87,male,True,in_store,1218.0,card,adyen
94,male,True,drive_thru,866.0,cash, 
81,female,False,drive_thru,910.0,cash, 
92,male,False,in_store,825.0,cash, 
97,male,False,delivery,585.0,cash, 
68,male,False,delivery,1200.0,cash, 
77,male,True,delivery,663.0,card,adyen
99,male,False,in_store,625.0,cash, 
89,male,False,delivery,1080.0,cash, 
94,female,False,in_store,635.0,card,adyen
85,female,False,in_store,1170.0,cash, 
78,male,False,in_store,970.0,cash, 
94,female,False,in_store,1035.0,cash, 
75,female,True,in_store,908.0,card,adyen
77,female,False,drive_thru,1335.0,cash, 
91,male,False,delivery,820.0,cash, 
75,male,False,delivery,1250.0,cash, 
85,female,True,in_store,1136.0,card,adyen
79,male,False,in_store,850.0,cash, 
98,male,False,delivery,760.0,cash, 
73,female,True,drive_thru,813.0,cash, 
95,male,False,in_store,380.0,card,adyen
85,male,True,delivery,926.0,card,adyen
97,male,False,in_store,1155.0,cash, 
94,male,False,in_store,480.0,cash, 
81,female,False,in_store,190.0,cash, 
94,female,False,delivery,815.0,cash, 
82,female,False,delivery,1265.0,cash, 
99,female,False,delivery,1465.0,cash, 
71,male,True,in_store,721.0,card,adyen
81,female,False,in_store,520.0,cash, 
94,female,False,in_store,575.0,card,adyen
90,female,False,in_store,1305.0,cash, 
93,female,False,in_store,1560.0,cash, 
70,female,True,drive_thru,1073.0,cash, 
77,male,False,delivery,1360.0,cash, 
91,male,False,delivery,1075.0,cash, 
100,male,False,delivery,970.0,cash, 
77,male,False,in_store,945.0,cash, 
91,female,False,in_store,245.0,card,adyen
65,male,False,in_store,1260.0,cash, 
74,male,False,delivery,915.0,cash, 
88,female,False,delivery,945.0,cash, 
72,male,False,delivery,355.0,cash, 
99,male,False,in_store,1030.0,cash, 
100,male,False,in_store,1380.0,card,adyen
84,female,True,drive_thru,848.0,cash, 
97,female,False,in_store,1345.0,cash, 
67,female,False,delivery,890.0,cash, 
94,male,False,delivery,695.0,cash, 
69,female,False,in_store,1035.0,cash, 
69,female,False,in_store,645.0,card,adyen
70,male,False,in_store,1475.0,cash, 
73,female,False,delivery,1135.0,cash, 
91,female,False,in_store,560.0,cash, 
86,female,False,in_store,660.0,card,adyen
94,male,False,delivery,980.0,cash, 
79,female,False,in_store,810.0,card,adyen
85,female,False,in_store,890.0,cash, 
65,male,False,delivery,805.0,cash, 
75,male,False,in_store,1240.0,cash, 
76,female,False,in_store,645.0,card,adyen
79,female,False,delivery,1370.0,cash, 
77,female,False,in_store,1205.0,cash, 
88,male,False,in_store,965.0,card,adyen
91,male,False,delivery,1365.0,cash, 
79,male,False,in_store,1235.0,card,adyen
65,female,False,delivery,960.0,cash, 
92,female,False,delivery,630.0,cash, 
81,female,False,delivery,1070.0,cash, 
50,female,False,drive_thru,630.0,cash, 
61,female,False,delivery,480.0,cash, 
64,male,True,drive_thru,216.0,cash, 
61,male,True,drive_thru,480.0,card,adyen
63,male,False,drive_thru,288.0,cash, 
56,male,False,delivery,273.0,card,adyen
46,female,True,delivery,309.0,cash, 
40,female,False,delivery,675.0,card,adyen
54,male,True,delivery,93.0,cash, 
62,female,False,delivery,507.0,cash, 
53,male,True,in_store,546.0,cash, 
43,male,True,drive_thru,259.0,cash, 
43,female,True,delivery,474.0,card,adyen
45,male,False,drive_thru,480.0,cash, 
50,male,False,delivery,309.0,card,adyen
62,female,True,delivery,450.0,cash, 
56,female,False,drive_thru,297.0,cash, 
57,female,True,in_store,540.0,card,adyen
54,male,False,delivery,291.0,cash, 
61,male,False,in_store,426.0,cash, 
59,female,True,drive_thru,153.0,card,adyen
42,female,False,drive_thru,708.0,cash, 
46,male,False,delivery,474.0,cash, 
41,male,True,delivery,426.0,cash, 
52,female,True,delivery,627.0,cash, 
43,male,True,delivery,513.0,card,adyen
54,female,False,drive_thru,297.0,cash, 
48,male,True,delivery,450.0,card,adyen
62,female,True,drive_thru,486.0,card,adyen
56,female,False,delivery,288.0,card,adyen
58,female,True,drive_thru,258.0,card,adyen
54,male,True,drive_thru,519.0,cash, 
40,female,False,delivery,708.0,card,adyen
55,female,False,delivery,492.0,cash, 
59,female,True,delivery,45.0,cash, 
25,male,False,in_store,99.0,card,adyen
63,male,False,drive_thru,474.0,cash, 
53,male,True,delivery,17.0,cash, 
27,male,True,drive_thru,37.0,card,adyen
25,male,True,delivery,0.0,card,adyen
59,male,False,delivery,309.0,card,adyen
58,male,True,drive_thru,276.0,cash, 
39,female,True,in_store,137.0,card,adyen
43,male,True,in_store,291.0,cash, 
59,male,False,drive_thru,465.0,cash, 
48,male,True,delivery,120.0,card,adyen
53,male,False,delivery,543.0,cash, 
31,male,True,drive_thru,56.0,card,adyen
25,female,True,delivery,139.0,cash, 
41,male,False,in_store,561.0,cash, 
49,female,True,delivery,453.0,cash, 
39,female,True,delivery,113.0,card,adyen
61,male,False,drive_thru,522.0,cash, 
29,female,True,delivery,128.0,card,adyen
60,female,False,delivery,324.0,cash, 
56,female,True,in_store,399.0,card,adyen
24,male,True,delivery,35.0,card,adyen
57,male,True,drive_thru,321.0,card,adyen
51,female,False,drive_thru,480.0,cash, 
39,male,True,delivery,47.0,card,adyen
56,male,True,delivery,51.0,cash, 
31,female,True,delivery,0.0,cash, 
53,male,True,delivery,291.0,cash, 
43,female,False,delivery,351.0,card,adyen
64,male,True,delivery,258.0,card,adyen
27,male,True,delivery,0.0,card,adyen
24,male,True,delivery,47.0,card,adyen
19,male,True,delivery,61.0,cash, 
43,male,True,drive_thru,209.0,card,adyen
31,male,True,in_store,0.0,card,adyen
55,male,True,delivery,441.0,card,adyen
29,male,True,delivery,47.0,card,adyen
25,male,True,delivery,113.0,card,adyen
63,male,False,delivery,249.0,card,adyen
27,female,True,drive_thru,52.0,card,adyen
23,male,False,in_store,86.0,card,adyen
23,male,True,delivery,0.0,card,adyen
35,male,True,delivery,113.0,card,adyen
29,female,True,in_store,61.0,card,adyen
32,male,True,drive_thru,37.0,cash, 
35,male,True,delivery,6.0,card,adyen
50,female,False,delivery,510.0,cash, 
46,male,True,drive_thru,357.0,cash, 
58,male,True,drive_thru,392.0,card,adyen
27,male,True,delivery,63.0,cash, 
26,female,True,delivery,63.0,card,adyen
29,male,True,in_store,68.0,cash, 
22,male,True,delivery,25.0,card,adyen
54,male,False,drive_thru,276.0,cash, 
18,male,True,delivery,38.0,card,adyen
42,male,False,delivery,159.0,card,adyen
44,female,True,delivery,414.0,cash, 
32,female,True,drive_thru,61.0,card,adyen
61,female,False,drive_thru,591.0,cash, 
40,female,True,delivery,627.0,cash, 
33,male,True,delivery,56.0,card,adyen
37,male,True,delivery,17.0,card,adyen
64,female,True,drive_thru,260.0,cash, 
36,female,True,in_store,0.0,card,adyen
33,male,True,delivery,59.0,cash, 
39,female,True,delivery,99.0,card,adyen
18,female,True,delivery,0.0,card,adyen
62,male,False,delivery,249.0,cash, 
39,female,True,drive_thru,126.0,card,adyen
53,female,False,in_store,672.0,cash, 
48,male,True,delivery,291.0,card,adyen
63,male,True,in_store,531.0,cash, 
27,female,True,delivery,99.0,card,adyen
23,female,True,delivery,52.0,card,adyen
32,female,True,delivery,6.0,card,adyen
60,male,False,delivery,297.0,cash, 
26,female,True,delivery,6.0,card,adyen
27,female,True,delivery,0.0,cash, 
33,male,True,delivery,137.0,cash, 
27,male,True,delivery,8.0,card,adyen
58,female,False,drive_thru,522.0,cash, 
57,female,True,delivery,441.0,cash, 
19,female,True,in_store,49.0,card,adyen
21,female,False,in_store,74.0,card,adyen
47,female,True,in_store,492.0,card,adyen
52,male,False,drive_thru,84.0,cash, 
28,female,True,delivery,60.0,card,adyen
40,male,True,drive_thru,60.0,card,adyen
42,male,False,delivery,480.0,card,adyen
64,male,True,delivery,603.0,cash, 
19,male,True,drive_thru,78.0,card,adyen
31,male,True,in_store,61.0,card,adyen
58,female,True,delivery,591.0,cash, 
24,female,True,delivery,38.0,card,adyen
25,male,True,delivery,35.0,card,adyen
31,male,True,drive_thru,49.0,cash, 
56,male,False,delivery,555.0,cash, 
19,female,True,delivery,0.0,card,adyen
50,male,False,delivery,474.0,card,adyen
56,male,True,drive_thru,470.0,card,adyen
62,male,True,delivery,209.0,card,adyen
36,male,True,delivery,47.0,card,adyen
51,male,True,delivery,108.0,card,adyen
28,male,True,in_store,6.0,cash, 
22,female,True,delivery,61.0,cash, 
46,female,True,drive_thru,237.0,cash, 
47,female,True,drive_thru,507.0,card,adyen
63,female,False,drive_thru,366.0,cash, 
31,male,True,delivery,31.0,card,adyen
38,male,True,delivery,47.0,card,adyen
39,male,True,delivery,111.0,card,adyen
22,female,True,drive_thru,56.0,card,adyen
42,male,False,delivery,282.0,card,adyen
19,female,True,delivery,111.0,card,adyen
56,male,False,drive_thru,510.0,cash, 
51,female,False,delivery,135.0,cash, 
63,male,False,in_store,513.0,cash, 
56,female,False,delivery,165.0,cash, 
18,female,True,in_store,48.0,card,adyen
46,female,False,drive_thru,621.0,cash, 
36,male,True,delivery,61.0,card,adyen
26,male,True,drive_thru,61.0,card,adyen
28,male,True,delivery,0.0,card,adyen
40,male,True,delivery,266.0,cash, 
41,male,True,delivery,282.0,cash, 
49,male,True,drive_thru,234.0,cash, 
31,male,True,delivery,36.0,cash, 
43,male,True,delivery,314.0,card,adyen
35,male,True,delivery,52.0,card,adyen
31,female,True,delivery,47.0,card,adyen
24,female,True,delivery,35.0,card,adyen
21,female,False,in_store,86.0,card,adyen
23,female,True,delivery,63.0,card,adyen
22,male,True,delivery,125.0,cash, 
56,male,True,in_store,242.0,cash, 
39,male,True,delivery,49.0,cash, 
42,male,False,drive_thru,543.0,cash, 
18,female,True,in_store,0.0,card,adyen
32,female,True,delivery,0.0,card,adyen
25,female,True,drive_thru,138.0,card,adyen
45,female,True,delivery,603.0,cash, 
51,female,False,delivery,315.0,card,adyen
22,female,True,delivery,0.0,card,adyen
43,male,False,delivery,675.0,cash, 
36,male,True,in_store,114.0,card,adyen
42,male,True,in_store,405.0,card,adyen
29,female,True,delivery,61.0,card,adyen
21,male,True,delivery,99.0,card,adyen
22,female,True,drive_thru,8.0,cash, 
28,male,True,delivery,6.0,card,adyen
27,female,True,delivery,83.0,card,adyen
35,male,True,in_store,113.0,cash, 
53,female,False,delivery,324.0,card,adyen
59,female,True,drive_thru,477.0,card,adyen
26,male,True,delivery,152.0,cash, 
25,female,True,delivery,6.0,card,adyen
48,female,True,delivery,504.0,cash, 
27,female,True,delivery,73.0,card,adyen
64,male,True,delivery,441.0,cash, 
20,male,True,delivery,0.0,card,adyen
47,male,True,delivery,447.0,card,adyen
54,female,False,drive_thru,708.0,cash, 
62,female,True,drive_thru,425.0,card,adyen
39,female,True,drive_thru,137.0,card,adyen
20,male,True,delivery,0.0,card,adyen
22,male,True,in_store,0.0,card,adyen
62,male,True,delivery,435.0,card,adyen
22,male,True,delivery,78.0,card,adyen
40,female,False,drive_thru,516.0,cash, 
51,female,False,delivery,249.0,card,adyen
64,male,False,in_store,552.0,cash, 
42,female,False,delivery,519.0,cash, 
37,male,False,in_store,99.0,card,adyen
50,male,True,drive_thru,45.0,card,adyen
39,male,True,delivery,60.0,card,adyen
32,female,True,drive_thru,0.0,card,adyen
57,male,True,drive_thru,450.0,cash, 
58,male,False,delivery,501.0,cash, 
22,male,True,delivery,47.0,cash, 
21,male,True,delivery,13.0,card,adyen
43,male,False,drive_thru,510.0,cash, 
41,female,False,drive_thru,480.0,cash, 
29,female,True,delivery,49.0,card,adyen
52,male,True,delivery,216.0,cash, 
37,female,True,delivery,61.0,card,adyen
40,female,False,delivery,273.0,cash, 
48,male,False,delivery,324.0,card,adyen
52,male,True,delivery,375.0,cash, 
37,female,True,delivery,90.0,card,adyen
33,female,True,delivery,61.0,cash, 
58,male,True,delivery,451.0,card,adyen
36,female,True,in_store,0.0,card,adyen
22,male,True,delivery,111.0,cash, 
50,male,True,drive_thru,210.0,cash, 
58,female,True,in_store,629.0,cash, 
53,male,False,delivery,288.0,card,adyen
48,male,True,delivery,222.0,cash, 
37,female,True,delivery,49.0,card,adyen
52,male,True,in_store,215.0,card,adyen
34,female,True,in_store,18.0,card,adyen
58,male,True,drive_thru,366.0,card,adyen
18,female,True,drive_thru,140.0,cash, 
33,male,True,delivery,6.0,card,adyen
58,female,False,drive_thru,522.0,cash, 
47,female,True,delivery,648.0,cash, 
18,male,True,delivery,99.0,card,adyen
31,male,True,drive_thru,36.0,card,adyen
22,female,True,delivery,67.0,card,adyen
51,female,True,delivery,645.0,cash, 
41,female,True,delivery,467.0,card,adyen
44,female,False,drive_thru,324.0,cash, 
49,male,False,delivery,405.0,card,adyen
40,male,False,delivery,465.0,cash, 
27,male,True,delivery,61.0,card,adyen
40,female,False,in_store,465.0,cash, 
27,male,True,delivery,125.0,card,adyen
54,male,True,drive_thru,639.0,card,adyen
49,female,True,delivery,333.0,card,adyen
34,female,True,in_store,61.0,cash, 
37,female,True,delivery,126.0,cash, 
19,male,True,delivery,74.0,card,adyen
38,female,True,delivery,0.0,card,adyen
43,male,False,delivery,309.0,cash, 
48,male,False,drive_thru,567.0,cash, 
61,male,False,drive_thru,330.0,cash, 
64,female,True,drive_thru,678.0,cash, 
56,female,True,drive_thru,705.0,card,adyen
53,male,False,delivery,318.0,card,adyen
44,female,False,delivery,90.0,cash, 
39,male,True,delivery,51.0,card,adyen
44,male,True,delivery,483.0,cash, 
29,male,True,drive_thru,74.0,card,adyen
34,female,False,in_store,88.0,card,adyen
45,male,False,delivery,480.0,card,adyen
31,male,True,in_store,140.0,card,adyen
38,female,True,delivery,0.0,card,adyen
50,female,True,delivery,282.0,cash, 
59,female,True,delivery,477.0,card,adyen
39,female,True,delivery,0.0,card,adyen
32,male,True,delivery,6.0,card,adyen
27,female,True,drive_thru,128.0,card,adyen
29,female,True,delivery,0.0,card,adyen
39,female,True,delivery,59.0,cash, 
56,male,True,drive_thru,471.0,cash, 
41,male,True,in_store,210.0,cash, 
30,male,True,delivery,125.0,card,adyen
36,female,True,delivery,0.0,card,adyen
27,female,True,delivery,0.0,cash, 
45,male,True,delivery,272.0,cash, 
46,female,True,in_store,398.0,card,adyen
45,female,False,drive_thru,555.0,cash, 
30,male,True,delivery,113.0,card,adyen
50,female,True,drive_thru,276.0,card,adyen
63,female,True,delivery,297.0,cash, 
31,female,True,in_store,33.0,card,adyen
48,female,False,drive_thru,549.0,cash, 
49,female,False,in_store,501.0,cash, 
36,male,True,delivery,99.0,card,adyen
58,male,False,delivery,516.0,cash, 
32,male,True,delivery,139.0,cash, 
53,male,False,delivery,276.0,card,adyen
57,male,True,delivery,291.0,cash, 
29,female,True,drive_thru,56.0,cash, 
50,female,False,delivery,393.0,cash, 
55,male,True,delivery,288.0,card,adyen
52,female,False,drive_thru,438.0,cash, 
57,male,False,drive_thru,297.0,cash, 
42,female,True,delivery,272.0,card,adyen
21,female,True,in_store,0.0,card,adyen
28,female,True,delivery,59.0,card,adyen
42,female,True,drive_thru,616.0,card,adyen
27,male,True,drive_thru,35.0,card,adyen
46,male,False,delivery,351.0,card,adyen
64,female,False,delivery,630.0,cash, 
63,female,True,drive_thru,447.0,card,adyen
45,male,True,drive_thru,105.0,cash, 
61,female,False,delivery,249.0,card,adyen
48,male,True,delivery,282.0,cash, 
47,male,True,delivery,252.0,cash, 
30,male,True,delivery,35.0,card,adyen
25,male,True,delivery,0.0,card,adyen
53,female,True,delivery,480.0,card,adyen
34,male,True,delivery,60.0,card,adyen
18,male,True,in_store,49.0,cash, 
32,male,True,delivery,0.0,card,adyen
50,male,False,drive_thru,84.0,cash, 
29,female,True,delivery,128.0,cash, 
63,male,True,drive_thru,57.0,cash, 
40,male,True,delivery,312.0,cash, 
33,male,True,delivery,74.0,card,adyen
24,male,False,in_store,74.0,card,adyen
19,male,True,delivery,4.0,card,adyen
56,male,True,in_store,312.0,cash, 
62,male,True,in_store,522.0,card,adyen
60,male,False,drive_thru,666.0,cash, 
18,female,True,delivery,35.0,card,adyen
23,male,True,drive_thru,74.0,card,adyen
18,female,True,in_store,0.0,card,adyen
29,female,True,delivery,0.0,card,adyen
54,female,False,in_store,522.0,cash, 
36,female,True,delivery,35.0,card,adyen
46,female,False,delivery,603.0,card,adyen
50,male,False,delivery,480.0,cash, 
47,female,True,drive_thru,173.0,card,adyen
29,male,True,delivery,47.0,card,adyen
46,female,True,delivery,180.0,cash, 
24,male,True,drive_thru,6.0,card,adyen
31,female,True,delivery,24.0,card,adyen
61,female,False,delivery,555.0,cash, 
44,male,False,drive_thru,273.0,cash, 
50,male,False,drive_thru,534.0,cash, 
20,male,True,delivery,50.0,cash, 
60,male,True,delivery,210.0,cash, 
57,female,True,delivery,372.0,card,adyen
62,female,False,delivery,309.0,card,adyen
32,male,True,delivery,59.0,card,adyen
38,male,True,delivery,25.0,card,adyen
23,female,True,delivery,47.0,cash, 
60,female,False,delivery,399.0,cash, 
24,male,True,delivery,0.0,card,adyen
57,male,True,delivery,234.0,card,adyen
32,female,True,delivery,36.0,cash, 
46,female,True,drive_thru,584.0,card,adyen
23,male,True,in_store,35.0,card,adyen
19,female,True,delivery,128.0,card,adyen
46,male,False,delivery,132.0,card,adyen
34,male,True,drive_thru,0.0,cash, 
25,male,True,in_store,47.0,card,adyen
37,male,True,delivery,36.0,card,adyen
33,female,True,delivery,49.0,card,adyen
29,male,True,drive_thru,61.0,card,adyen
24,female,True,delivery,71.0,card,adyen
43,female,True,drive_thru,489.0,card,adyen
60,male,True,drive_thru,528.0,cash, 
30,female,True,delivery,36.0,card,adyen
49,female,False,drive_thru,438.0,cash, 
22,female,False,in_store,138.0,card,adyen
55,male,True,delivery,591.0,cash, 
56,male,True,delivery,237.0,cash, 
27,female,True,in_store,61.0,cash, 
23,male,True,delivery,56.0,card,adyen
33,male,True,delivery,17.0,card,adyen
22,female,True,delivery,13.0,cash, 
37,female,True,delivery,4.0,card,adyen
46,male,True,delivery,419.0,card,adyen
28,female,True,delivery,0.0,card,adyen
40,female,True,delivery,276.0,cash, 
28,male,True,drive_thru,0.0,card,adyen
52,female,False,drive_thru,480.0,cash, 
56,male,True,in_store,303.0,cash, 
46,male,True,drive_thru,573.0,cash, 
35,female,True,in_store,99.0,card,adyen
38,female,True,delivery,123.0,card,adyen
37,male,True,delivery,97.0,card,adyen
22,female,True,drive_thru,98.0,card,adyen
39,female,True,delivery,72.0,card,adyen
50,male,False,in_store,513.0,cash, 
29,female,True,delivery,13.0,card,adyen
44,female,False,delivery,480.0,cash, 
35,male,True,delivery,47.0,cash, 
22,male,True,delivery,151.0,card,adyen
45,female,False,delivery,471.0,card,adyen
64,male,True,in_store,279.0,card,adyen
24,male,True,delivery,0.0,cash, 
51,male,False,delivery,507.0,cash, 
38,female,True,delivery,0.0,card,adyen
59,female,False,drive_thru,438.0,cash, 
31,female,True,delivery,61.0,card,adyen
47,male,False,drive_thru,510.0,cash, 
42,female,True,drive_thru,210.0,card,adyen
55,female,True,delivery,486.0,cash, 
47,male,False,delivery,447.0,card,adyen
29,female,True,delivery,99.0,cash, 
60,female,False,delivery,501.0,cash, 
60,female,True,delivery,210.0,cash, 
29,male,True,in_store,61.0,card,adyen
41,male,False,delivery,369.0,card,adyen
56,male,True,delivery,312.0,card,adyen
51,male,True,delivery,98.0,card,adyen
21,female,True,delivery,61.0,card,adyen
40,male,True,drive_thru,399.0,card,adyen
36,female,True,delivery,35.0,card,adyen
52,female,False,drive_thru,273.0,cash, 
63,female,True,drive_thru,435.0,card,adyen
18,female,True,drive_thru,0.0,cash, 
36,male,True,drive_thru,61.0,card,adyen
32,female,True,delivery,151.0,card,adyen
59,male,True,drive_thru,435.0,cash, 
27,male,True,in_store,86.0,card,adyen
49,female,True,delivery,690.0,cash, 
56,male,True,delivery,392.0,cash, 
50,male,False,in_store,666.0,cash, 
52,female,True,delivery,548.0,card,adyen
46,male,False,drive_thru,339.0,cash, 
42,female,False,delivery,249.0,cash, 
35,male,True,delivery,60.0,card,adyen
24,female,False,in_store,36.0,card,adyen
63,male,True,delivery,441.0,cash, 
61,male,False,delivery,324.0,card,adyen
36,female,True,delivery,128.0,card,adyen
36,male,True,in_store,0.0,cash, 
64,female,True,drive_thru,60.0,cash, 
55,male,True,in_store,215.0,cash, 
41,male,False,delivery,516.0,cash, 
43,male,False,drive_thru,510.0,cash, 
44,male,True,in_store,238.0,card,adyen
18,female,True,delivery,49.0,card,adyen
63,male,False,drive_thru,516.0,cash, 
43,female,False,delivery,273.0,card,adyen
33,female,True,delivery,151.0,card,adyen
39,male,True,delivery,70.0,cash, 
39,female,True,delivery,125.0,card,adyen
46,male,False,delivery,309.0,cash, 
40,male,True,drive_thru,411.0,card,adyen
23,female,True,delivery,52.0,card,adyen
36,male,True,drive_thru,0.0,card,adyen
61,female,False,delivery,666.0,card,adyen
62,female,True,delivery,451.0,cash, 
57,female,False,drive_thru,273.0,cash, 
25,female,True,delivery,74.0,card,adyen
23,female,True,in_store,59.0,card,adyen
26,male,True,delivery,82.0,card,adyen
39,female,True,delivery,60.0,card,adyen
42,female,True,delivery,206.0,cash, 
35,male,True,drive_thru,0.0,card,adyen
25,male,True,delivery,36.0,card,adyen
23,male,True,delivery,74.0,cash, 
57,male,True,delivery,122.0,card,adyen
26,male,True,delivery,49.0,cash, 
27,male,True,delivery,139.0,card,adyen
41,male,True,delivery,441.0,card,adyen
29,male,True,delivery,113.0,cash, 
52,male,True,drive_thru,330.0,card,adyen
39,male,True,delivery,0.0,card,adyen
26,male,True,delivery,35.0,card,adyen
20,female,True,in_store,35.0,card,adyen
38,male,False,in_store,36.0,card,adyen
62,female,False,in_store,672.0,cash, 
50,male,False,drive_thru,84.0,cash, 
36,female,True,delivery,0.0,card,adyen
64,female,True,drive_thru,540.0,card,adyen
59,female,False,delivery,561.0,cash, 
56,male,True,drive_thru,120.0,cash, 
44,male,True,delivery,294.0,cash, 
25,male,True,drive_thru,126.0,cash, 
51,female,True,delivery,447.0,cash, 
19,male,True,drive_thru,0.0,card,adyen
24,male,True,delivery,73.0,card,adyen
25,female,True,delivery,9.0,card,adyen
35,female,True,in_store,61.0,card,adyen
34,male,True,delivery,0.0,card,adyen
53,female,False,delivery,579.0,card,adyen
28,female,True,delivery,99.0,card,adyen
29,female,True,in_store,113.0,cash, 
40,male,True,delivery,246.0,card,adyen
42,female,False,drive_thru,249.0,cash, 
24,female,True,delivery,61.0,cash, 
35,male,True,delivery,139.0,card,adyen
63,male,False,delivery,447.0,cash, 
45,male,True,delivery,45.0,cash, 
28,female,True,delivery,47.0,card,adyen
26,female,True,delivery,128.0,card,adyen
23,male,True,delivery,52.0,card,adyen
32,female,True,drive_thru,0.0,card,adyen
39,male,True,in_store,0.0,card,adyen
28,female,True,delivery,12.0,card,adyen
37,female,True,delivery,111.0,card,adyen
18,female,True,delivery,53.0,card,adyen
30,male,True,drive_thru,0.0,card,adyen
44,male,True,drive_thru,486.0,cash, 
48,female,False,drive_thru,324.0,cash, 
35,female,True,delivery,60.0,card,adyen
44,female,True,in_store,108.0,cash, 
51,female,False,delivery,438.0,card,adyen
18,female,True,delivery,125.0,cash, 
44,male,False,delivery,318.0,cash, 
63,female,True,in_store,410.0,card,adyen
36,male,True,delivery,72.0,cash, 
61,female,False,delivery,438.0,card,adyen
32,male,True,delivery,59.0,card,adyen
25,male,True,delivery,83.0,cash, 
29,female,True,delivery,43.0,card,adyen
62,male,False,drive_thru,321.0,cash, 
60,male,True,drive_thru,363.0,card,adyen
58,male,True,delivery,242.0,cash, 
45,male,True,delivery,303.0,cash, 
58,female,True,delivery,603.0,card,adyen
20,female,False,in_store,153.0,card,adyen
43,female,False,in_store,465.0,cash, 
59,male,False,drive_thru,666.0,cash, 
60,female,True,drive_thru,291.0,card,adyen
42,female,True,delivery,726.0,card,adyen
56,female,False,delivery,549.0,cash, 
52,female,True,drive_thru,425.0,card,adyen
54,female,True,drive_thru,357.0,cash, 
36,female,True,delivery,139.0,card,adyen
61,female,True,delivery,441.0,cash, 
51,male,False,delivery,291.0,card,adyen
43,male,False,drive_thru,474.0,cash, 
26,male,True,in_store,47.0,card,adyen
58,female,False,delivery,672.0,cash, 
44,female,True,delivery,237.0,cash, 
40,male,False,drive_thru,297.0,cash, 
62,female,False,delivery,297.0,card,adyen
20,male,True,delivery,85.0,card,adyen
33,female,True,drive_thru,47.0,cash, 
32,male,True,delivery,125.0,card,adyen
27,female,True,drive_thru,64.0,card,adyen
44,male,True,delivery,45.0,cash, 
19,male,True,delivery,125.0,card,adyen
30,female,True,delivery,151.0,card,adyen
57,female,False,delivery,630.0,cash, 
43,male,True,delivery,671.0,card,adyen
21,female,True,in_store,17.0,card,adyen
31,female,True,delivery,0.0,card,adyen
51,male,True,drive_thru,327.0,cash, 
58,male,False,delivery,744.0,card,adyen
48,male,False,drive_thru,480.0,cash, 
49,male,True,in_store,447.0,cash, 
53,male,True,in_store,411.0,card,adyen
56,male,True,drive_thru,312.0,card,adyen
28,male,True,in_store,101.0,cash, 
32,male,True,delivery,128.0,cash, 
53,female,True,delivery,636.0,cash, 
55,male,False,drive_thru,717.0,cash, 
31,female,True,delivery,61.0,card,adyen
29,female,True,delivery,0.0,card,adyen
25,female,True,delivery,47.0,card,adyen
62,male,True,delivery,249.0,card,adyen
60,female,False,delivery,465.0,cash, 
37,female,True,delivery,0.0,card,adyen
41,female,True,delivery,365.0,card,adyen
63,male,True,drive_thru,441.0,card,adyen
22,male,True,drive_thru,0.0,card,adyen
28,male,True,in_store,163.0,card,adyen
62,male,False,delivery,135.0,card,adyen
41,female,True,drive_thru,233.0,card,adyen
38,male,True,delivery,70.0,card,adyen
37,female,True,delivery,0.0,card,adyen
32,female,True,delivery,86.0,card,adyen
23,male,True,drive_thru,137.0,card,adyen
62,male,False,drive_thru,84.0,cash, 
62,female,False,delivery,390.0,cash, 
51,female,False,drive_thru,291.0,cash, 
62,male,True,drive_thru,672.0,cash, 
22,female,True,delivery,74.0,cash, 
22,male,True,delivery,51.0,card,adyen
63,female,True,delivery,378.0,cash, 
56,female,False,delivery,507.0,cash, 
32,female,False,in_store,152.0,card,adyen
48,male,False,delivery,717.0,card,adyen
60,male,False,delivery,129.0,card,adyen
20,male,True,delivery,0.0,cash, 
28,male,True,delivery,68.0,card,adyen
50,female,True,delivery,411.0,card,adyen
25,female,True,delivery,13.0,cash, 
51,female,True,delivery,424.0,cash, 
27,female,True,delivery,111.0,card,adyen
21,female,True,delivery,91.0,card,adyen
25,male,True,in_store,125.0,card,adyen
62,female,False,drive_thru,480.0,cash, 
55,male,False,drive_thru,543.0,cash, 
44,male,True,in_store,313.0,card,adyen
43,male,True,delivery,270.0,cash, 
59,male,False,delivery,354.0,card,adyen
18,male,True,delivery,0.0,card,adyen
18,male,True,drive_thru,70.0,cash, 
49,female,True,delivery,504.0,card,adyen
58,female,True,delivery,288.0,card,adyen
54,female,False,drive_thru,555.0,cash, 
34,female,True,drive_thru,38.0,card,adyen
40,female,False,delivery,585.0,cash, 
28,male,True,delivery,0.0,card,adyen
25,female,True,in_store,49.0,card,adyen
56,female,True,drive_thru,285.0,card,adyen
63,female,False,drive_thru,594.0,cash, 
63,female,False,delivery,318.0,cash, 
59,male,False,delivery,555.0,card,adyen
63,male,True,delivery,399.0,cash, 
61,male,True,drive_thru,573.0,cash, 
44,male,False,delivery,249.0,card,adyen
31,male,True,delivery,0.0,card,adyen
32,male,True,delivery,0.0,card,adyen
26,female,True,delivery,35.0,card,adyen
58,male,False,drive_thru,396.0,cash, 
38,female,True,in_store,125.0,cash, 
56,male,True,delivery,402.0,card,adyen
34,female,True,delivery,99.0,cash, 
63,female,False,drive_thru,666.0,cash, 
19,female,True,delivery,111.0,card,adyen
25,female,True,delivery,12.0,card,adyen
26,male,True,delivery,0.0,card,adyen
44,female,True,delivery,270.0,cash, 
62,female,False,delivery,276.0,card,adyen
19,female,True,delivery,12.0,card,adyen
41,male,True,in_store,474.0,card,adyen
53,female,True,delivery,8.0,cash, 
44,female,True,delivery,315.0,card,adyen
49,female,True,delivery,398.0,card,adyen
62,female,False,delivery,438.0,cash, 
63,male,False,drive_thru,543.0,cash, 
52,female,False,delivery,315.0,cash, 
18,female,True,drive_thru,49.0,card,adyen
50,female,False,delivery,318.0,card,adyen
36,female,True,in_store,6.0,card,adyen
41,female,True,drive_thru,285.0,card,adyen
38,male,True,delivery,139.0,card,adyen
31,male,True,delivery,113.0,card,adyen
54,female,False,drive_thru,579.0,cash, 
51,female,True,drive_thru,627.0,cash, 
24,female,False,in_store,111.0,card,adyen
62,male,False,drive_thru,273.0,cash, 
41,male,False,delivery,672.0,card,adyen
44,female,True,delivery,495.0,card,adyen
47,male,True,in_store,246.0,card,adyen
62,female,True,delivery,591.0,cash, 
58,female,False,delivery,309.0,cash, 
64,male,False,delivery,480.0,cash, 
24,female,True,delivery,111.0,card,adyen
30,male,True,drive_thru,60.0,card,adyen
25,female,True,delivery,60.0,cash, 
42,male,True,delivery,548.0,card,adyen
43,female,True,delivery,447.0,cash, 
27,male,True,delivery,82.0,card,adyen
38,female,True,delivery,61.0,cash, 
31,male,True,delivery,48.0,cash, 
57,female,True,delivery,633.0,card,adyen
51,female,False,delivery,276.0,card,adyen
28,male,True,delivery,0.0,card,adyen
20,female,True,delivery,52.0,card,adyen
63,male,False,delivery,297.0,card,adyen
31,male,True,delivery,59.0,card,adyen
36,male,True,in_store,0.0,card,adyen
43,male,False,drive_thru,438.0,cash, 
43,male,True,drive_thru,504.0,card,adyen
18,female,True,delivery,111.0,card,adyen
58,female,True,drive_thru,528.0,cash, 
51,male,True,delivery,57.0,card,adyen
50,male,True,delivery,468.0,cash, 
54,male,False,delivery,480.0,cash, 
18,female,True,drive_thru,128.0,cash, 
26,female,True,delivery,31.0,card,adyen
27,male,True,drive_thru,0.0,card,adyen
46,male,False,delivery,750.0,cash, 
24,male,True,in_store,74.0,card,adyen
45,female,False,delivery,309.0,card,adyen
20,male,True,delivery,84.0,card,adyen
43,male,True,delivery,552.0,card,adyen
25,female,True,delivery,0.0,card,adyen
28,female,True,in_store,72.0,cash, 
37,male,True,delivery,47.0,card,adyen
19,male,True,delivery,113.0,card,adyen
54,female,True,delivery,138.0,cash, 
34,male,True,delivery,47.0,card,adyen
40,male,True,delivery,612.0,card,adyen
37,female,True,delivery,47.0,cash, 
41,female,False,drive_thru,480.0,cash, 
52,male,False,delivery,249.0,card,adyen
43,male,True,drive_thru,45.0,card,adyen
37,male,True,delivery,0.0,card,adyen
21,male,True,delivery,114.0,card,adyen
34,male,True,drive_thru,50.0,card,adyen
30,male,False,in_store,86.0,card,adyen
58,male,False,delivery,630.0,cash, 
22,female,True,delivery,0.0,card,adyen
18,male,True,delivery,125.0,card,adyen
26,male,True,delivery,0.0,card,adyen
24,male,True,delivery,49.0,cash, 
54,male,True,drive_thru,498.0,cash, 
39,male,True,delivery,63.0,cash, 
34,female,True,delivery,125.0,card,adyen
39,female,True,delivery,9.0,card,adyen
26,male,True,in_store,139.0,card,adyen
60,female,False,delivery,276.0,card,adyen
45,male,True,delivery,242.0,card,adyen
40,female,True,delivery,468.0,cash, 
62,male,False,drive_thru,390.0,cash, 
61,male,False,delivery,546.0,card,adyen
52,male,True,delivery,167.0,card,adyen
52,female,True,delivery,402.0,card,adyen
21,male,True,delivery,8.0,card,adyen
52,male,True,delivery,270.0,cash, 
28,female,True,delivery,111.0,cash, 
25,male,True,delivery,137.0,card,adyen
53,female,False,delivery,441.0,cash, 
52,female,False,delivery,603.0,card,adyen
32,male,False,in_store,99.0,card,adyen
31,male,True,drive_thru,0.0,card,adyen
45,male,False,drive_thru,558.0,cash, 
62,female,False,delivery,351.0,card,adyen
25,male,True,in_store,47.0,card,adyen
31,female,True,delivery,113.0,card,adyen
27,male,True,delivery,36.0,card,adyen
36,female,True,delivery,99.0,card,adyen
46,male,True,drive_thru,516.0,cash, 
55,male,True,delivery,346.0,cash, 
28,female,True,delivery,49.0,card,adyen
18,male,True,delivery,51.0,card,adyen
33,female,True,delivery,36.0,card,adyen
64,male,False,delivery,276.0,cash, 
28,male,True,delivery,51.0,card,adyen
55,male,True,delivery,342.0,card,adyen
40,female,True,delivery,60.0,cash, 
28,female,True,drive_thru,36.0,card,adyen
53,male,False,delivery,159.0,card,adyen
30,female,True,in_store,35.0,cash, 
44,male,False,drive_thru,675.0,cash, 
52,male,False,delivery,522.0,card,adyen
61,male,False,delivery,441.0,cash, 
35,female,True,delivery,0.0,card,adyen
45,male,True,drive_thru,291.0,cash, 
39,female,True,delivery,0.0,cash, 
21,female,True,delivery,38.0,card,adyen
41,female,True,delivery,297.0,cash, 
19,male,True,delivery,49.0,card,adyen
64,male,False,drive_thru,330.0,cash, 
49,male,False,delivery,249.0,card,adyen
43,male,True,delivery,476.0,card,adyen
47,female,True,delivery,63.0,cash, 
62,male,False,delivery,309.0,cash, 
35,male,True,delivery,0.0,cash, 
54,female,True,drive_thru,435.0,cash, 
32,female,True,delivery,82.0,card,adyen
37,male,True,delivery,111.0,card,adyen
39,female,True,delivery,61.0,cash, 
27,male,True,in_store,125.0,card,adyen
48,male,False,delivery,369.0,card,adyen
23,female,True,delivery,71.0,card,adyen
27,male,True,delivery,73.0,card,adyen
53,male,False,delivery,480.0,cash, 
53,male,True,delivery,504.0,cash, 
31,female,True,drive_thru,0.0,card,adyen
50,male,True,delivery,234.0,cash, 
49,female,True,delivery,259.0,card,adyen
61,male,False,delivery,465.0,card,adyen
39,female,True,delivery,29.0,card,adyen
43,female,False,delivery,273.0,cash, 
54,female,True,drive_thru,678.0,cash, 
56,female,False,delivery,273.0,card,adyen
35,female,True,delivery,60.0,card,adyen
18,male,True,delivery,56.0,card,adyen
50,male,True,delivery,627.0,cash, 
60,male,True,delivery,282.0,cash, 
26,male,True,delivery,150.0,card,adyen
53,male,False,delivery,630.0,cash, 
25,male,True,delivery,47.0,card,adyen
29,female,True,in_store,140.0,cash, 
39,female,True,drive_thru,61.0,card,adyen
36,female,True,delivery,0.0,card,adyen
29,male,True,delivery,0.0,card,adyen
64,female,True,delivery,507.0,card,adyen
30,male,True,delivery,0.0,cash, 
31,male,True,delivery,99.0,card,adyen
23,female,True,delivery,47.0,card,adyen
57,female,True,drive_thru,426.0,cash, 
62,male,False,delivery,480.0,cash, 
18,male,True,in_store,123.0,card,adyen
42,female,True,delivery,669.0,cash, 
45,male,True,delivery,633.0,cash, 
58,female,False,delivery,552.0,cash, 
39,female,True,delivery,0.0,cash, 
19,female,True,delivery,49.0,card,adyen
51,female,True,drive_thru,105.0,cash, 
50,male,True,delivery,466.0,cash, 
23,male,True,delivery,47.0,card,adyen
36,female,True,drive_thru,0.0,card,adyen
61,female,True,drive_thru,462.0,cash, 
35,female,True,delivery,53.0,card,adyen
48,male,True,delivery,447.0,cash, 
44,female,True,delivery,684.0,cash, 
22,female,True,delivery,19.0,card,adyen
29,male,True,delivery,47.0,card,adyen
23,female,True,delivery,99.0,card,adyen
32,female,True,in_store,47.0,cash, 
27,male,True,drive_thru,0.0,card,adyen
31,male,True,delivery,56.0,card,adyen
27,male,True,delivery,126.0,card,adyen
22,female,True,delivery,99.0,cash, 
20,male,True,delivery,35.0,card,adyen
30,male,True,delivery,59.0,cash, 
30,female,True,in_store,47.0,card,adyen
23,female,True,delivery,0.0,card,adyen
18,male,True,drive_thru,29.0,card,adyen
29,female,True,delivery,125.0,card,adyen
31,female,True,delivery,140.0,card,adyen
30,female,True,delivery,125.0,card,adyen
28,female,True,delivery,0.0,card,adyen
35,male,True,delivery,68.0,card,adyen
39,female,True,delivery,128.0,card,adyen
33,male,True,delivery,61.0,card,adyen
18,female,True,delivery,63.0,card,adyen
36,female,True,delivery,85.0,cash, 
23,male,True,in_store,0.0,card,adyen
21,male,True,delivery,35.0,cash, 
39,male,True,delivery,84.0,card,adyen
18,male,True,delivery,76.0,card,adyen
34,female,True,delivery,0.0,card,adyen
22,female,True,delivery,13.0,card,adyen
35,female,True,delivery,36.0,card,adyen
25,male,True,delivery,0.0,card,adyen
24,female,True,delivery,49.0,card,adyen
19,female,True,delivery,123.0,card,adyen
20,male,True,delivery,47.0,cash, 
23,female,True,delivery,48.0,cash, 
23,female,True,delivery,51.0,card,adyen
23,male,True,delivery,36.0,card,adyen
23,male,True,delivery,111.0,card,adyen
36,female,True,delivery,0.0,card,adyen
21,female,True,delivery,35.0,card,adyen
39,female,True,delivery,111.0,card,adyen
22,male,True,delivery,60.0,card,adyen
36,female,True,delivery,0.0,cash, 
30,female,True,delivery,0.0,cash, 
22,male,True,delivery,62.0,card,adyen
34,female,True,delivery,70.0,card,adyen
30,female,True,delivery,0.0,card,adyen
37,female,True,delivery,113.0,card,adyen
39,male,True,delivery,113.0,card,adyen
36,male,True,delivery,82.0,card,adyen
32,female,True,delivery,76.0,card,adyen
33,female,True,delivery,108.0,cash, 
28,female,True,delivery,138.0,cash, 
31,male,True,delivery,59.0,card,adyen
26,female,True,delivery,47.0,card,adyen
33,male,True,delivery,31.0,card,adyen
34,male,True,delivery,111.0,card,adyen
36,female,True,delivery,111.0,card,adyen
29,male,True,delivery,38.0,cash, 
31,male,True,delivery,126.0,cash, 
22,male,True,delivery,61.0,card,adyen
20,female,True,delivery,4.0,card,adyen
29,female,True,delivery,61.0,card,adyen
24,female,True,delivery,35.0,card,adyen
29,female,True,delivery,17.0,cash, 
35,female,True,delivery,47.0,cash, 
23,male,True,delivery,59.0,card,adyen
26,female,True,delivery,86.0,card,adyen
22,male,True,delivery,111.0,card,adyen
23,male,True,delivery,0.0,cash, 
36,female,True,delivery,4.0,card,adyen
33,male,True,delivery,59.0,card,adyen
34,female,True,delivery,0.0,card,adyen
22,male,True,delivery,0.0,card,adyen
37,female,True,delivery,138.0,card,adyen
94,male,False,in_store,540.0,card,adyen
68,female,False,in_store,495.0,card,adyen
82,male,False,drive_thru,1075.0,cash, 
77,female,False,drive_thru,540.0,cash, 
65,male,False,in_store,1230.0,cash, 
98,male,False,in_store,175.0,cash, 
65,male,False,delivery,640.0,card,adyen
93,female,False,in_store,920.0,cash, 
91,male,True,in_store,1326.0,cash, 
84,male,False,in_store,835.0,cash, 
91,female,False,in_store,1090.0,cash, 
68,male,False,delivery,1030.0,card,adyen
98,male,True,delivery,681.0,cash, 
90,male,True,drive_thru,566.0,cash, 
82,male,True,in_store,1436.0,card,adyen
88,female,False,drive_thru,625.0,card,adyen
77,female,False,in_store,1325.0,cash, 
90,female,False,delivery,825.0,cash, 
86,female,True,in_store,706.0,cash, 
89,female,False,in_store,1325.0,cash, 
68,male,False,drive_thru,1060.0,cash, 
72,male,False,delivery,710.0,card,adyen
69,male,False,delivery,770.0,cash, 
100,female,False,in_store,1180.0,cash, 
83,female,False,drive_thru,1065.0,cash, 
97,female,False,in_store,945.0,card,adyen
95,male,False,in_store,950.0,cash, 
76,male,False,drive_thru,520.0,card,adyen
98,male,False,delivery,440.0,cash, 
92,male,False,in_store,970.0,card,adyen
80,male,False,delivery,795.0,cash, 
72,female,False,delivery,850.0,cash, 
72,female,False,in_store,430.0,card,adyen
98,female,False,in_store,640.0,cash, 
78,female,False,delivery,1415.0,cash, 
97,female,False,in_store,825.0,cash, 
99,female,False,delivery,435.0,cash, 
65,male,True,in_store,933.0,card,adyen
85,male,True,delivery,481.0,card,adyen
94,female,False,delivery,870.0,cash, 
96,male,False,in_store,390.0,cash, 
99,female,False,in_store,1155.0,card,adyen
96,female,True,in_store,1173.0,cash, 
65,female,False,drive_thru,880.0,cash, 
97,male,False,in_store,1335.0,card,adyen
94,male,False,in_store,795.0,cash, 
77,female,False,drive_thru,1240.0,cash, 
70,female,True,drive_thru,298.0,cash, 
77,male,False,in_store,740.0,cash, 
74,female,False,delivery,965.0,card,adyen
85,female,True,in_store,1036.0,cash, 
75,female,False,in_store,965.0,cash, 
87,female,False,in_store,835.0,cash, 
71,female,False,in_store,1025.0,cash, 
73,male,False,delivery,200.0,card,adyen
66,male,False,drive_thru,935.0,card,adyen
71,female,False,in_store,755.0,cash, 
99,female,False,delivery,1090.0,cash, 
96,male,False,in_store,905.0,cash, 
99,female,False,drive_thru,770.0,cash, 
71,female,False,drive_thru,875.0,cash, 
88,female,False,delivery,765.0,card,adyen
71,female,False,in_store,980.0,cash, 
84,male,True,delivery,1183.0,cash, 
100,male,False,delivery,570.0,cash, 
69,male,True,in_store,1301.0,cash, 
74,female,True,drive_thru,721.0,cash, 
97,male,False,in_store,810.0,card,adyen
77,female,True,delivery,836.0,cash, 
66,male,False,in_store,655.0,cash, 
86,male,True,in_store,758.0,cash, 
70,male,True,in_store,1033.0,card,adyen
71,male,False,drive_thru,1295.0,card,adyen
94,female,False,in_store,1140.0,card,adyen
75,male,False,delivery,1190.0,cash, 
91,female,False,delivery,1355.0,cash, 
69,male,False,delivery,530.0,cash, 
81,male,False,in_store,355.0,card,adyen
69,female,False,in_store,440.0,cash, 
87,female,False,delivery,755.0,cash, 
66,female,False,in_store,660.0,cash, 
67,female,False,delivery,1105.0,cash, 
74,male,False,in_store,1050.0,cash, 
68,male,False,delivery,630.0,cash, 
67,female,False,in_store,980.0,card,adyen
68,male,False,drive_thru,430.0,cash, 
68,male,False,in_store,890.0,card,adyen
86,female,True,in_store,926.0,card,adyen
72,male,False,in_store,555.0,cash, 
78,male,True,delivery,786.0,card,adyen
